{
    "memberList": [
        {
            "memberName": "harry",
            "joined": true
        },
        {
            "memberName": "john",
            "joined": false
        },
        {
            "memberName": "max",
            "joined": true
        }
    ],
    "storyList": [
        {
            "storyId": 1,
            "status": "pending"
        },
        {
            "storyId": 4,
            "status": "voted"
        },
        {
            "storyId": 5,
            "status": "voted"
        },
        {
            "storyId": 8,
            "status": "voting"
        }
    ]
}